Species,Year,Country
Canada Goose,pre 2019,Canada
Mute Swan,pre 2019,Canada
Trumpeter Swan,2021,Canada
Tundra Swan,2022,Canada
Wood Duck,2020,Canada
American Black Duck,2022,Canada
Mallard,pre 2019,Canada
Blue-winged Teal,2020,Canada
Northern Shoveler,2020,Canada
Green-winged Teal,2020,Canada
Bufflehead,2021,Canada
Common Goldeneye,2020,Canada
Hooded Merganser,2022,Canada
Common Merganser,2020,Canada
Ruddy Duck,2022,Canada
Wild Turkey,pre 2019,Canada
Common Loon,pre 2019,Canada
Pied-billed Grebe,2022,Canada
Brown Pelican,2020,United States
Double-crested Cormorant,2020,Canada
Great Blue Heron,pre 2019,Canada
Great Egret,2019,Canada
Cattle Egret,2020,Costa Rica
Green Heron,2019,Costa Rica
Turkey Vulture,pre 2019,Canada
Osprey,2020,Canada
Bald Eagle,pre 2019,Canada
Northern Harrier,2019,Canada
Cooper's Hawk,2019,Canada
Red-tailed Hawk,2020,Canada
American Kestrel,2020,Canada
Merlin,2020,Canada
Sandhill Crane,2020,Canada
Killdeer,pre 2019,Canada
Spotted Sandpiper,2020,Canada
Lesser Yellowlegs,2020,Canada
Long-billed Dowitcher,2020,Canada
Franklin's Gull,2020,Canada
Ring-billed Gull,pre 2019,Canada
Herring Gull,pre 2019,Canada
Caspian Tern,2022,Canada
Rock Pigeon,pre 2019,Canada
Mourning Dove,pre 2019,Canada
Yellow-billed Cuckoo,2021,Canada
Black-billed Cuckoo,2021,Canada
Great Horned Owl,2020,Canada
Chimney Swift,2019,Canada
Ruby-throated Hummingbird,pre 2019,Canada
Belted Kingfisher,2020,Canada
Red-bellied Woodpecker,2022,Canada
Downy Woodpecker,2019,Canada
Northern Flicker,2020,Canada
Pileated Woodpecker,2020,Canada
Eastern Wood-Pewee,2022,Canada
Eastern Phoebe,2020,Canada
Great Crested Flycatcher,2022,Canada
Great Kiskadee,2019,Costa Rica
Eastern Kingbird,2020,Canada
Warbling Vireo,2020,Canada
Red-eyed Vireo,2022,Canada
Blue Jay,pre 2019,Canada
American Crow,pre 2019,Canada
Common Raven,2020,Canada
Purple Martin,2021,Canada
Tree Swallow,2020,Canada
Northern Rough-winged Swallow,2022,Canada
Bank Swallow,2021,Canada
Barn Swallow,2020,Canada
Black-capped Chickadee,2020,Canada
Tufted Titmouse,2021,Canada
Red-breasted Nuthatch,2020,Canada
White-breasted Nuthatch,2020,Canada
House Wren,2020,Canada
Winter Wren,2022,Canada
Marsh Wren,2021,Canada
Golden-crowned Kinglet,2020,Canada
Ruby-crowned Kinglet,2020,Canada
Eastern Bluebird,2021,Canada
Hermit Thrush,2021,Canada
American Robin,pre 2019,Canada
Gray Catbird,2020,Canada
European Starling,pre 2019,Canada
Cedar Waxwing,2020,Canada
Northern Parula,2022,Canada
Yellow Warbler,2020,Canada
Yellow-rumped Warbler,2020,Canada
Black-throated Green Warbler,2022,Canada
Palm Warbler,2022,Canada
Pine Warbler,2020,Canada
American Redstart,2022,Canada
Common Yellowthroat,2020,Canada
Canada Warbler,2021,Canada
Eastern Towhee,2021,Canada
Chipping Sparrow,2021,Canada
Field Sparrow,2022,Canada
Song Sparrow,2020,Canada
Lincoln's Sparrow,2020,Canada
White-throated Sparrow,2021,Canada
White-crowned Sparrow,2020,Canada
Dark-eyed Junco,2020,Canada
Scarlet Tanager,2021,Canada
Northern Cardinal,pre 2019,Canada
Rose-breasted Grosbeak,2020,Canada
Indigo Bunting,2022,Canada
Red-winged Blackbird,pre 2019,Canada
Common Grackle,2019,Canada
Brown-headed Cowbird,2019,Canada
Baltimore Oriole,2020,Canada
House Finch,2020,Canada
Pine Siskin,2021,Canada
American Goldfinch,2020,Canada
House Sparrow,2019,Canada
Tiger Heron,2019,Costa Rica
Yellow-throated Toucan,2019,Costa Rica
Barred Owl,2022,Canada