[
 {
   "Species": "Canada Goose",
   "Year": "pre 2019",
   "Country": "Canada"
 },
 {
   "Species": "Mute Swan",
   "Year": "pre 2019",
   "Country": "Canada"
 },
 {
   "Species": "Trumpeter Swan",
   "Year": "2021",
   "Country": "Canada"
 },
 {
   "Species": "Tundra Swan",
   "Year": "2022",
   "Country": "Canada"
 },
 {
   "Species": "Wood Duck",
   "Year": "2020",
   "Country": "Canada"
 },
 {
   "Species": "American Black Duck",
   "Year": "2022",
   "Country": "Canada"
 },
 {
   "Species": "Mallard",
   "Year": "pre 2019",
   "Country": "Canada"
 },
 {
   "Species": "Blue-winged Teal",
   "Year": "2020",
   "Country": "Canada"
 },
 {
   "Species": "Northern Shoveler",
   "Year": "2020",
   "Country": "Canada"
 },
 {
   "Species": "Green-winged Teal",
   "Year": "2020",
   "Country": "Canada"
 },
 {
   "Species": "Bufflehead",
   "Year": "2021",
   "Country": "Canada"
 },
 {
   "Species": "Common Goldeneye",
   "Year": "2020",
   "Country": "Canada"
 },
 {
   "Species": "Hooded Merganser",
   "Year": "2022",
   "Country": "Canada"
 },
 {
   "Species": "Common Merganser",
   "Year": "2020",
   "Country": "Canada"
 },
 {
   "Species": "Ruddy Duck",
   "Year": "2022",
   "Country": "Canada"
 },
 {
   "Species": "Wild Turkey",
   "Year": "pre 2019",
   "Country": "Canada"
 },
 {
   "Species": "Common Loon",
   "Year": "pre 2019",
   "Country": "Canada"
 },
 {
   "Species": "Pied-billed Grebe",
   "Year": "2022",
   "Country": "Canada"
 },
 {
   "Species": "Brown Pelican",
   "Year": "2020",
   "Country": "United States"
 },
 {
   "Species": "Double-crested Cormorant",
   "Year": "2020",
   "Country": "Canada"
 },
 {
   "Species": "Great Blue Heron",
   "Year": "pre 2019",
   "Country": "Canada"
 },
 {
   "Species": "Great Egret",
   "Year": "2019",
   "Country": "Canada"
 },
 {
   "Species": "Cattle Egret",
   "Year": "2020",
   "Country": "Costa Rica"
 },
 {
   "Species": "Green Heron",
   "Year": "2019",
   "Country": "Costa Rica"
 },
 {
   "Species": "Turkey Vulture",
   "Year": "pre 2019",
   "Country": "Canada"
 },
 {
   "Species": "Osprey",
   "Year": "2020",
   "Country": "Canada"
 },
 {
   "Species": "Bald Eagle",
   "Year": "pre 2019",
   "Country": "Canada"
 },
 {
   "Species": "Northern Harrier",
   "Year": "2019",
   "Country": "Canada"
 },
 {
   "Species": "Cooper's Hawk",
   "Year": "2019",
   "Country": "Canada"
 },
 {
   "Species": "Red-tailed Hawk",
   "Year": "2020",
   "Country": "Canada"
 },
 {
   "Species": "American Kestrel",
   "Year": "2020",
   "Country": "Canada"
 },
 {
   "Species": "Merlin",
   "Year": "2020",
   "Country": "Canada"
 },
 {
   "Species": "Sandhill Crane",
   "Year": "2020",
   "Country": "Canada"
 },
 {
   "Species": "Killdeer",
   "Year": "pre 2019",
   "Country": "Canada"
 },
 {
   "Species": "Spotted Sandpiper",
   "Year": "2020",
   "Country": "Canada"
 },
 {
   "Species": "Lesser Yellowlegs",
   "Year": "2020",
   "Country": "Canada"
 },
 {
   "Species": "Long-billed Dowitcher",
   "Year": "2020",
   "Country": "Canada"
 },
 {
   "Species": "Franklin's Gull",
   "Year": "2020",
   "Country": "Canada"
 },
 {
   "Species": "Ring-billed Gull",
   "Year": "pre 2019",
   "Country": "Canada"
 },
 {
   "Species": "Herring Gull",
   "Year": "pre 2019",
   "Country": "Canada"
 },
 {
   "Species": "Caspian Tern",
   "Year": "2022",
   "Country": "Canada"
 },
 {
   "Species": "Rock Pigeon",
   "Year": "pre 2019",
   "Country": "Canada"
 },
 {
   "Species": "Mourning Dove",
   "Year": "pre 2019",
   "Country": "Canada"
 },
 {
   "Species": "Yellow-billed Cuckoo",
   "Year": "2021",
   "Country": "Canada"
 },
 {
   "Species": "Black-billed Cuckoo",
   "Year": "2021",
   "Country": "Canada"
 },
 {
   "Species": "Great Horned Owl",
   "Year": "2020",
   "Country": "Canada"
 },
 {
   "Species": "Chimney Swift",
   "Year": "2019",
   "Country": "Canada"
 },
 {
   "Species": "Ruby-throated Hummingbird",
   "Year": "pre 2019",
   "Country": "Canada"
 },
 {
   "Species": "Belted Kingfisher",
   "Year": "2020",
   "Country": "Canada"
 },
 {
   "Species": "Red-bellied Woodpecker",
   "Year": "2022",
   "Country": "Canada"
 },
 {
   "Species": "Downy Woodpecker",
   "Year": "2019",
   "Country": "Canada"
 },
 {
   "Species": "Northern Flicker",
   "Year": "2020",
   "Country": "Canada"
 },
 {
   "Species": "Pileated Woodpecker",
   "Year": "2020",
   "Country": "Canada"
 },
 {
   "Species": "Eastern Wood-Pewee",
   "Year": "2022",
   "Country": "Canada"
 },
 {
   "Species": "Eastern Phoebe",
   "Year": "2020",
   "Country": "Canada"
 },
 {
   "Species": "Great Crested Flycatcher",
   "Year": "2022",
   "Country": "Canada"
 },
 {
   "Species": "Great Kiskadee",
   "Year": "2019",
   "Country": "Costa Rica"
 },
 {
   "Species": "Eastern Kingbird",
   "Year": "2020",
   "Country": "Canada"
 },
 {
   "Species": "Warbling Vireo",
   "Year": "2020",
   "Country": "Canada"
 },
 {
   "Species": "Red-eyed Vireo",
   "Year": "2022",
   "Country": "Canada"
 },
 {
   "Species": "Blue Jay",
   "Year": "pre 2019",
   "Country": "Canada"
 },
 {
   "Species": "American Crow",
   "Year": "pre 2019",
   "Country": "Canada"
 },
 {
   "Species": "Common Raven",
   "Year": "2020",
   "Country": "Canada"
 },
 {
   "Species": "Purple Martin",
   "Year": "2021",
   "Country": "Canada"
 },
 {
   "Species": "Tree Swallow",
   "Year": "2020",
   "Country": "Canada"
 },
 {
   "Species": "Northern Rough-winged Swallow",
   "Year": "2022",
   "Country": "Canada"
 },
 {
   "Species": "Bank Swallow",
   "Year": "2021",
   "Country": "Canada"
 },
 {
   "Species": "Barn Swallow",
   "Year": "2020",
   "Country": "Canada"
 },
 {
   "Species": "Black-capped Chickadee",
   "Year": "2020",
   "Country": "Canada"
 },
 {
   "Species": "Tufted Titmouse",
   "Year": "2021",
   "Country": "Canada"
 },
 {
   "Species": "Red-breasted Nuthatch",
   "Year": "2020",
   "Country": "Canada"
 },
 {
   "Species": "White-breasted Nuthatch",
   "Year": "2020",
   "Country": "Canada"
 },
 {
   "Species": "House Wren",
   "Year": "2020",
   "Country": "Canada"
 },
 {
   "Species": "Winter Wren",
   "Year": "2022",
   "Country": "Canada"
 },
 {
   "Species": "Marsh Wren",
   "Year": "2021",
   "Country": "Canada"
 },
 {
   "Species": "Golden-crowned Kinglet",
   "Year": "2020",
   "Country": "Canada"
 },
 {
   "Species": "Ruby-crowned Kinglet",
   "Year": "2020",
   "Country": "Canada"
 },
 {
   "Species": "Eastern Bluebird",
   "Year": "2021",
   "Country": "Canada"
 },
 {
   "Species": "Hermit Thrush",
   "Year": "2021",
   "Country": "Canada"
 },
 {
   "Species": "American Robin",
   "Year": "pre 2019",
   "Country": "Canada"
 },
 {
   "Species": "Gray Catbird",
   "Year": "2020",
   "Country": "Canada"
 },
 {
   "Species": "European Starling",
   "Year": "pre 2019",
   "Country": "Canada"
 },
 {
   "Species": "Cedar Waxwing",
   "Year": "2020",
   "Country": "Canada"
 },
 {
   "Species": "Northern Parula",
   "Year": "2022",
   "Country": "Canada"
 },
 {
   "Species": "Yellow Warbler",
   "Year": "2020",
   "Country": "Canada"
 },
 {
   "Species": "Yellow-rumped Warbler",
   "Year": "2020",
   "Country": "Canada"
 },
 {
   "Species": "Black-throated Green Warbler",
   "Year": "2022",
   "Country": "Canada"
 },
 {
   "Species": "Palm Warbler",
   "Year": "2022",
   "Country": "Canada"
 },
 {
   "Species": "Pine Warbler",
   "Year": "2020",
   "Country": "Canada"
 },
 {
   "Species": "American Redstart",
   "Year": "2022",
   "Country": "Canada"
 },
 {
   "Species": "Common Yellowthroat",
   "Year": "2020",
   "Country": "Canada"
 },
 {
   "Species": "Canada Warbler",
   "Year": "2021",
   "Country": "Canada"
 },
 {
   "Species": "Eastern Towhee",
   "Year": "2021",
   "Country": "Canada"
 },
 {
   "Species": "Chipping Sparrow",
   "Year": "2021",
   "Country": "Canada"
 },
 {
   "Species": "Field Sparrow",
   "Year": "2022",
   "Country": "Canada"
 },
 {
   "Species": "Song Sparrow",
   "Year": "2020",
   "Country": "Canada"
 },
 {
   "Species": "Lincoln's Sparrow",
   "Year": "2020",
   "Country": "Canada"
 },
 {
   "Species": "White-throated Sparrow",
   "Year": "2021",
   "Country": "Canada"
 },
 {
   "Species": "White-crowned Sparrow",
   "Year": "2020",
   "Country": "Canada"
 },
 {
   "Species": "Dark-eyed Junco",
   "Year": "2020",
   "Country": "Canada"
 },
 {
   "Species": "Scarlet Tanager",
   "Year": "2021",
   "Country": "Canada"
 },
 {
   "Species": "Northern Cardinal",
   "Year": "pre 2019",
   "Country": "Canada"
 },
 {
   "Species": "Rose-breasted Grosbeak",
   "Year": "2020",
   "Country": "Canada"
 },
 {
   "Species": "Indigo Bunting",
   "Year": "2022",
   "Country": "Canada"
 },
 {
   "Species": "Red-winged Blackbird",
   "Year": "pre 2019",
   "Country": "Canada"
 },
 {
   "Species": "Common Grackle",
   "Year": "2019",
   "Country": "Canada"
 },
 {
   "Species": "Brown-headed Cowbird",
   "Year": "2019",
   "Country": "Canada"
 },
 {
   "Species": "Baltimore Oriole",
   "Year": "2020",
   "Country": "Canada"
 },
 {
   "Species": "House Finch",
   "Year": "2020",
   "Country": "Canada"
 },
 {
   "Species": "Pine Siskin",
   "Year": "2021",
   "Country": "Canada"
 },
 {
   "Species": "American Goldfinch",
   "Year": "2020",
   "Country": "Canada"
 },
 {
   "Species": "House Sparrow",
   "Year": "2019",
   "Country": "Canada"
 },
 {
   "Species": "Tiger Heron",
   "Year": "2019",
   "Country": "Costa Rica"
 },
 {
   "Species": "Yellow-throated Toucan",
   "Year": "2019",
   "Country": "Costa Rica"
 },
 {
   "Species": "Barred Owl",
   "Year": "2022",
   "Country": "Canada"
 }
]